"last_name, first_name","player_id","year","player_age","ab","pa","hit","single","double","triple","home_run","strikeout","walk","k_percent","bb_percent","batting_avg","slg_percent","on_base_percent","on_base_plus_slg","xba","xslg","woba","xwoba","xobp","xiso","avg_swing_speed","fast_swing_rate","blasts_contact","blasts_swing","squared_up_contact","squared_up_swing","avg_swing_length","swords","exit_velocity_avg","launch_angle_avg","sweet_spot_percent","barrel_batted_rate"
"Guerrero Jr., Vladimir","665489","2024","25","616","697","199","124","44","1","30","96","72",13.8,10.3,".323",".544",".396","0.940",".323",".576",".398",".410",".397",".253",75.9,57.4,24.2,19.4,34.5,27.7,"7.7","9","93.8","7.4",35.1,13.7
"Ramírez, José","608070","2024","31","620","682","173","93","39","2","39","82","54",12,7.9,".279",".537",".335","0.872",".262",".460",".364",".332",".323",".198",71.6,19.7,13.9,12.1,32.6,28.3,"7.3","17","89.2","19.6",34,8.6
"Hoskins, Rhys","656555","2024","31","449","517","96","56","14","0","26","149","53",28.8,10.3,".214",".419",".303","0.722",".205",".398",".313",".305",".298",".192",71.2,13,12,9.1,29.8,22.8,"8.1","23","88.7","20.8",29.7,12.7
"Gelof, Zack","680869","2024","24","497","547","105","66","20","2","17","188","38",34.4,6.9,".211",".362",".270","0.632",".202",".353",".276",".273",".265",".152",71.6,11.7,12,7.8,30.4,19.8,"7.3","23","89.2","14.2",34.4,8.8
"Varsho, Daulton","662139","2024","27","459","513","98","52","21","7","18","137","48",26.7,9.4,".214",".407",".293","0.700",".189",".325",".304",".265",".271",".135",73.7,34.4,11.1,8.2,24,17.7,"7.6","6","86.1","24.4",30.2,6.2
"O'Hoppe, Logan","681351","2024","24","479","522","117","79","17","1","20","155","33",29.7,6.3,".244",".409",".303","0.712",".256",".470",".311",".337",".314",".214",70.7,17.4,14.6,10.1,32.9,22.7,"7.3","41","90.4","15.3",42.9,12
"Ramos, Heliot","671218","2024","24","475","518","128","80","23","3","22","135","37",26.1,7.1,".269",".469",".322","0.791",".253",".491",".339",".340",".310",".238",75.2,55.3,18.3,13.7,29.8,22.3,"6.9","28","91.5","10.4",34.3,14.5
"Ortiz, Joey","687401","2024","25","440","511","105","63","25","6","11","103","56",20.2,11,".239",".398",".329","0.727",".238",".349",".319",".307",".332",".111",73.4,34.8,12.4,10.5,26.5,22.5,"7.5","8","87.8","9.9",26.6,4.6
"Sánchez, Jesús","660821","2024","26","489","537","123","79","25","1","18","140","41",26.1,7.6,".252",".417",".313","0.730",".267",".478",".317",".345",".328",".211",75.2,54.4,19.1,13.1,32.2,22.2,"7.1","13","92.5","7.7",31.8,12.2
"Arraez, Luis","650333","2024","27","637","672","200","161","32","3","4","29","24",4.3,3.6,".314",".392",".346","0.738",".312",".405",".323",".326",".345",".093",63.2,0.3,4.9,4.6,46.5,43.9,"6","8","86.3","13.7",40.9,1.6
"Suzuki, Seiya","673548","2024","29","512","585","145","91","27","6","21","160","63",27.4,10.8,".283",".482",".366","0.848",".258",".463",".365",".348",".346",".205",73,35,18,13.8,33.4,25.7,"7.2","17","91.7","16.2",38.8,11.5
"Greene, Riley","682985","2024","23","512","584","134","77","27","6","24","156","64",26.7,11,".262",".479",".348","0.827",".258",".490",".355",".357",".345",".232",74.6,45.3,16.9,12.5,30.6,22.7,"7.2","7","91.3","12.2",39.1,13.4
"Cruz, Oneil","665833","2024","25","541","599","140","82","34","3","21","181","51",30.2,8.5,".259",".449",".324","0.773",".266",".472",".331",".342",".332",".206",78.6,75.6,24.6,16.6,34.1,22.9,"7.7","9","95.5","9.8",32.1,15.7
"Mountcastle, Ryan","663624","2024","27","473","507","128","83","30","2","13","114","27",22.5,5.3,".271",".425",".308","0.733",".275",".455",".316",".335",".316",".180",75.1,50,15.9,12.2,27.3,20.9,"7.5","15","90.8","10.4",36.2,8.8
"Rodgers, Brendan","663898","2024","27","501","539","134","91","29","1","13","132","31",24.5,5.8,".267",".407",".314","0.721",".249",".383",".314",".297",".298",".134",71.7,25.2,14.4,11,31.5,24.1,"7.1","26","89.3","4.9",33.1,5.6
"Taveras, Leody","665750","2024","25","480","529","110","78","17","3","12","112","42",21.2,7.9,".229",".352",".289","0.641",".244",".380",".282",".300",".304",".136",71.3,14.7,14.2,10.5,32.5,24,"7.5","6","89","14.7",31.5,5.9
"Smith, Will","669257","2024","29","476","544","118","72","24","2","20","105","51",19.3,9.4,".248",".433",".327","0.760",".243",".451",".326",".333",".326",".208",67.9,3.3,11.2,9,33.6,27.2,"7.2","28","89.4","18.7",38.3,10.8
"Seager, Corey","608369","2024","30","475","533","132","81","21","0","30","96","53",18,9.9,".278",".512",".353","0.865",".292",".574",".365",".394",".367",".281",72.3,20.9,19.5,15.3,33.3,26.1,"6.6","14","92.1","13.5",38.6,15.2
"Morel, Christopher","666624","2024","25","535","611","105","70","11","3","21","159","61",26,10,".196",".346",".288","0.634",".227",".407",".280",".318",".317",".181",76.1,64.7,17.6,11.7,30.2,20.1,"8","24","89.2","14.2",27.6,10.2
"Schwarber, Kyle","656941","2024","31","573","692","142","82","22","0","38","197","106",28.5,15.3,".248",".485",".366","0.851",".257",".519",".366",".380",".375",".262",77.5,78,22.9,16.4,32,22.9,"7.7","38","93.6","15",31.8,15.6
"Devers, Rafael","646240","2024","27","525","601","143","76","34","5","28","147","67",24.5,11.1,".272",".516",".354","0.870",".274",".520",".364",".366",".357",".247",72.5,28,19.4,13.8,32.8,23.3,"7.4","24","93.2","11.6",35.2,13
"Arozarena, Randy","668227","2024","29","549","648","120","67","33","0","20","169","73",26.1,11.3,".219",".388",".332","0.720",".223",".391",".320",".327",".338",".168",72.7,33.4,15.9,11.6,32.9,24.1,"7.4","15","90.4","13.2",28.4,8.3
"Benintendi, Andrew","643217","2024","29","477","522","109","69","20","0","20","96","41",18.4,7.9,".229",".396",".289","0.685",".248",".401",".298",".308",".307",".153",68,1,9.1,7.3,39.8,31.9,"6.7","12","88","16.1",36.5,6.3
"McMahon, Ryan","641857","2024","29","567","645","137","89","28","0","20","185","69",28.7,10.7,".242",".397",".325","0.722",".243",".418",".315",".325",".328",".175",72.5,26.3,16.4,11.7,31.4,22.4,"7.2","28","92.1","10",36.5,10.9
"Burger, Jake","669394","2024","28","535","579","134","81","23","1","29","150","31",25.9,5.4,".250",".460",".301","0.761",".258",".482",".325",".337",".309",".225",74.7,46.9,20.2,14.4,33.4,23.9,"7.5","17","91.3","13",32.4,12.3
"Betts, Mookie","605141","2024","31","450","516","130","82","24","5","19","57","61",11,11.8,".289",".491",".372","0.863",".288",".462",".371",".363",".374",".174",69.1,9.7,11.5,10,41.3,35.9,"6.9","20","89.9","21.4",39.3,6
"Vierling, Matt","663837","2024","27","518","567","133","84","28","5","16","121","41",21.3,7.2,".257",".423",".312","0.735",".260",".402",".317",".313",".316",".142",71.1,12.2,15.6,12.5,35.6,28.6,"7.4","8","89.8","11.7",34.1,7.5
"Happ, Ian","664023","2024","29","569","657","138","77","34","2","25","168","80",25.6,12.2,".243",".441",".341","0.782",".247",".458",".341",".349",".346",".211",72.4,23.7,15.1,11,31.8,23.2,"7","18","90.8","15.1",37,11.7
"De La Cruz, Elly","682829","2024","22","618","696","160","89","36","10","25","218","69",31.3,9.9,".259",".471",".339","0.810",".244",".438",".349",".331",".325",".194",75.2,54,19.1,13.4,31.8,22.2,"7.3","31","91.8","9.7",35.7,12.7
"Suárez, Eugenio","553993","2024","32","571","640","146","86","28","2","30","176","49",27.5,7.7,".256",".469",".319","0.788",".249",".456",".337",".332",".316",".207",72.2,21.5,15,10.8,30.7,22.2,"7.8","34","89.1","19.5",40.4,11.3
"Turner, Trea","607208","2024","31","505","539","149","103","25","0","21","98","27",18.2,5,".295",".469",".338","0.807",".269",".430",".349",".322",".313",".161",71.7,17.9,13.5,10,34,25.3,"7.6","15","89.1","11.5",30.9,6.9
"Keith, Colt","690993","2024","22","516","556","134","102","15","4","13","110","36",19.8,6.5,".260",".380",".309","0.689",".269",".401",".301",".313",".319",".132",71.3,14.8,12.5,9.7,35,27.2,"6.7","14","87.8","11.3",34.6,5.6
"Rodríguez, Julio","677594","2024","23","567","613","155","118","17","0","20","156","38",25.4,6.2,".273",".409",".325","0.734",".279",".472",".321",".346",".331",".192",76.3,63.4,20.6,14.5,29.6,20.8,"7.9","30","91.7","10.5",33.2,10.2
"Castro, Willi","650489","2024","27","558","635","138","90","31","5","12","150","51",23.6,8,".247",".385",".331","0.716",".246",".389",".317",".323",".333",".142",70.7,15.5,12,8.7,29,21,"7.1","18","87.4","13.6",39,7
"Nimmo, Brandon","607043","2024","31","571","663","128","77","25","3","23","158","77",23.8,11.6,".224",".399",".327","0.726",".246",".419",".321",".337",".348",".173",73.3,35.8,15.8,12.4,31.3,24.5,"7.3","22","91.9","11.2",33.7,9.1
"Chapman, Matt","656305","2024","31","575","647","142","74","39","2","27","158","64",24.4,9.9,".247",".463",".328","0.791",".254",".462",".340",".344",".336",".208",76.6,64.1,18.5,14.1,28.1,21.5,"7.5","21","93.2","16.2",31.3,12.6
"De La Cruz, Bryan","650559","2024","27","584","622","136","90","25","0","21","170","29",27.3,4.7,".233",".384",".271","0.655",".247",".433",".283",".307",".284",".187",71.8,19.8,12.7,9.2,32.7,23.7,"7.7","20","89.6","13.1",35.6,9.3
"Ward, Taylor","621493","2024","30","585","663","144","91","26","2","25","163","63",24.6,9.5,".246",".426",".323","0.749",".256",".472",".325",".351",".336",".216",69.8,8.4,14.8,11.4,38.4,29.6,"7.1","23","90.9","17.4",41.9,13
"Kwan, Steven","680757","2024","26","480","540","140","107","16","3","14","51","53",9.4,9.8,".292",".425",".368","0.793",".286",".390",".349",".334",".363",".104",64.4,0.4,5.9,5.5,41.9,38.8,"6.4","8","86.3","14.9",38.5,2.6
"Bellinger, Cody","641355","2024","28","516","569","137","93","23","3","18","89","45",15.6,7.9,".266",".426",".325","0.751",".245",".400",".322",".305",".308",".154",69,5.2,9.7,7.7,38.6,30.6,"7.6","22","87.8","17.4",32.9,6.3
"Springer III, George","543807","2024","34","545","614","120","79","19","3","19","115","60",18.7,9.8,".220",".371",".303","0.674",".247",".412",".298",".324",".328",".165",71.9,22.3,15.2,11.7,33,25.4,"7.4","24","87.5","9.4",29.2,9.3
"Pasquantino, Vinnie","686469","2024","26","496","554","130","79","30","2","19","71","40",12.8,7.2,".262",".446",".315","0.761",".266",".443",".325",".331",".323",".177",71.8,20.7,16.1,13.9,36.8,31.7,"7.4","12","91","14.6",31.9,7.1
"Ozuna, Marcell","542303","2024","33","606","688","183","113","31","0","39","170","74",24.7,10.8,".302",".546",".378","0.924",".290",".584",".395",".405",".371",".294",74,42.1,20.2,13.9,33.6,23.1,"7.4","4","92.2","14.4",40.2,15.5
"Vaughn, Andrew","683734","2024","26","570","619","140","90","30","1","19","132","38",21.3,6.1,".246",".402",".297","0.699",".245",".449",".304",".321",".299",".204",70.8,12,16.2,12.9,35.4,28.3,"7.6","12","90.3","16.6",33.6,9.3
"Freeman, Freddie","518692","2024","34","542","638","153","94","35","2","22","100","78",15.7,12.2,".282",".476",".378","0.854",".281",".477",".365",".370",".380",".196",69.8,9.7,13.4,10.9,34.3,27.7,"6.8","10","89.4","14.3",43.1,9.1
"Contreras, William","661388","2024","26","595","679","167","105","37","2","23","139","78",20.5,11.5,".281",".466",".365","0.831",".271",".483",".359",".360",".357",".211",74.7,50.4,21.1,15.7,34.9,25.9,"7.3","25","92.8","6.1",29,10
"Alvarez, Yordan","670541","2024","27","552","635","170","99","34","2","35","95","69",15,10.9,".308",".567",".392","0.959",".305",".608",".402",".414",".391",".303",76.6,63.2,22.4,18.2,34,27.7,"7.6","1","93.1","18.3",35.4,14.5
"Torres, Gleyber","650402","2024","27","587","665","151","110","26","0","15","136","65",20.5,9.8,".257",".378",".330","0.708",".242",".379",".313",".310",".319",".137",70.2,9.1,10.8,8.6,33.4,26.7,"7.2","22","88.6","15",38.2,6.3
"Soto, Juan","665742","2024","25","576","713","166","90","31","4","41","119","129",16.7,18.1,".288",".569",".419","0.988",".319",".658",".421",".463",".447",".339",75.5,60,25.9,21,39.7,32.1,"7.3","30","94.2","10.7",35.4,19.7
"Merrill, Jackson","701538","2024","21","554","593","162","101","31","6","24","101","29",17,4.9,".292",".500",".326","0.826",".308",".547",".352",".376",".341",".240",72.2,21.3,15.2,12.3,30.4,24.6,"7.5","30","90.4","14.6",39.6,11.3
"Turang, Brice","668930","2024","24","559","619","142","107","24","4","7","105","50",17,8.1,".254",".349",".316","0.665",".263",".344",".294",".298",".325",".082",66.2,3.5,6.2,5.4,33.8,29.2,"6.1","12","87","6.1",32,2.4
"Perez, Salvador","521692","2024","34","590","652","160","105","28","0","27","129","44",19.8,6.7,".271",".456",".330","0.786",".275",".530",".335",".362",".334",".255",73.2,33.4,17.8,13.2,33.6,24.9,"7.9","15","91.1","19",39.4,12.2
"Santander, Anthony","623993","2024","29","595","665","140","69","25","2","44","129","58",19.4,8.7,".235",".506",".308","0.814",".233",".456",".345",".328",".308",".224",73.1,34,13.7,11,27.6,22.3,"7.2","7","89.8","22.7",35,11.7
"Díaz, Yandy","650490","2024","32","563","621","158","112","31","1","14","95","50",15.3,8.1,".281",".414",".341","0.755",".280",".429",".331",".337",".342",".149",73.3,34.4,22,19.2,36.6,32,"7.5","2","92.2","5",28.4,7.6
"Rutschman, Adley","668939","2024","26","571","638","143","102","21","1","19","103","58",16.1,9.1,".250",".391",".318","0.709",".258",".402",".309",".319",".328",".144",69,6.4,10.6,8.9,35.7,30,"6.9","9","88.2","18.8",35.4,6.1
"Verdugo, Alex","657077","2024","28","559","621","130","88","28","1","13","93","49",15,7.9,".233",".356",".291","0.647",".251",".380",".283",".304",".311",".129",68.4,7.5,10.9,9.2,39.7,33.5,"6.3","5","88.3","9.9",31.6,5.6
"Burleson, Alec","676475","2024","25","547","595","147","106","20","0","21","76","35",12.8,5.9,".269",".420",".314","0.734",".274",".440",".319",".329",".321",".166",71.2,18,13.3,11.1,37.1,31,"7.5","11","89.7","13.6",34.3,6.5
"Ohtani, Shohei","660271","2024","29","636","731","197","98","38","7","54","162","81",22.2,11.1,".310",".646",".390","1.036",".320",".678",".431",".448",".401",".358",76.3,64.2,25.4,17.9,37.5,26.4,"7.8","10","95.8","16.2",37.8,21.5
"Winn, Masyn","691026","2024","22","587","637","157","105","32","5","15","109","41",17.1,6.4,".267",".416",".314","0.730",".259",".366",".315",".296",".308",".107",70.2,11.5,12,9.9,32.2,26.5,"7.3","14","87","13.2",33.5,3.7
"Lindor, Francisco","596019","2024","30","618","689","169","96","39","1","33","127","56",18.4,8.1,".273",".500",".344","0.844",".287",".539",".363",".382",".357",".252",72.3,23.2,18.9,14.4,37.6,28.6,"7.6","14","90.9","17",35.4,13.6
"Peña, Jeremy","665161","2024","26","602","650","160","115","28","2","15","111","25",17.1,3.8,".266",".394",".308","0.702",".269",".404",".305",".313",".313",".135",72.6,22.2,15,11.4,33.6,25.4,"7.6","13","88.2","7.5",29.2,5.4
"Altuve, Jose","514888","2024","34","628","682","185","134","31","0","20","119","47",17.4,6.9,".295",".439",".350","0.789",".264",".406",".344",".318",".322",".142",69.4,13.1,9,7.1,33.4,26.3,"7.8","10","86.5","14.1",35.4,6.5
"Donovan, Brendan","680977","2024","27","587","652","163","112","34","3","14","81","47",12.4,7.2,".278",".417",".342","0.759",".278",".427",".332",".337",".344",".149",69.6,7.2,13.8,12,40.5,35.2,"6.9","14","88.7","13.2",36.6,5.5
"Duran, Jarren","680776","2024","27","671","735","191","108","48","14","21","160","54",21.8,7.3,".285",".492",".342","0.834",".280",".464",".357",".346",".338",".184",73.6,36.4,17.9,13.8,30.2,23.3,"7.6","21","90.8","9.5",33.8,9.3
"Hoerner, Nico","663538","2024","27","582","641","159","116","35","1","7","66","44",10.3,6.9,".273",".373",".335","0.708",".283",".357",".313",".314",".346",".075",68.2,2.8,7.2,6.4,35.4,31.7,"7.1","11","85.7","10.4",36,1.2
"Witt Jr., Bobby","677951","2024","24","636","709","211","123","45","11","32","106","57",15,8,".332",".588",".389","0.977",".321",".594",".410",".413",".384",".273",74.7,48.2,20.3,15.9,34.8,27.4,"7.1","16","92.7","15.1",35.7,14.3
"Semien, Marcus","543760","2024","33","650","718","154","102","27","2","23","105","64",14.6,8.9,".237",".391",".308","0.699",".257",".404",".306",".319",".327",".147",68.3,4.2,11.9,9.8,37.6,30.7,"7.7","27","87.4","17",33,6.6
"McCutchen, Andrew","457705","2024","37","448","515","104","65","18","1","20","133","58",25.8,11.3,".232",".411",".328","0.739",".233",".435",".325",".333",".330",".202",72.7,25.3,14.9,11.1,31.2,23.2,"7.6","11","88.5","14.3",31.9,12
"Winker, Jesse","608385","2024","30","430","508","109","72","23","0","14","106","63",20.9,12.4,".253",".405",".360","0.765",".245",".388",".338",".329",".353",".142",69.6,7.7,11.7,9.6,32.7,26.9,"7.3","20","88.6","14",30.1,7.6
"Cowser, Colton","681297","2024","24","499","561","121","70","24","3","24","172","52",30.7,9.3,".242",".447",".321","0.768",".234",".449",".331",".331",".316",".215",73.8,40.7,17,12.4,31,22.7,"6.9","23","90.5","13",32.1,13.6
"Busch, Michael","683737","2024","26","496","567","123","72","28","2","21","162","63",28.6,11.1,".248",".440",".335","0.775",".221",".428",".336",".321",".313",".208",70.3,11.3,13.3,9.6,35.1,25.2,"7.3","18","90","17.1",36.4,11.2
"Thomas, Lane","657041","2024","28","472","528","112","68","26","3","15","137","44",25.9,8.3,".237",".400",".309","0.709",".246",".383",".309",".310",".318",".138",71.7,16.6,15.6,12.3,33.4,26.4,"6.8","20","88.8","17",31.5,7.4
"Stephenson, Tyler","663886","2024","27","457","515","118","72","26","1","19","117","48",22.7,9.3,".258",".444",".338","0.782",".243",".408",".339",".322",".327",".165",70.8,9.4,15.6,12.7,37.5,30.5,"7.4","31","90.2","10.9",33,9.1
"Langeliers, Shea","669127","2024","26","482","534","108","59","18","2","29","145","41",27.2,7.7,".224",".450",".288","0.738",".244",".469",".315",".332",".308",".225",74.1,42,17.7,12.9,32.5,23.7,"7.3","7","91.3","16.3",35.3,12.8
"Meyers, Jake","676694","2024","28","461","513","101","65","20","3","13","117","35",22.8,6.8,".219",".360",".286","0.646",".240",".393",".285",".308",".307",".153",68.6,7.8,10.6,8,31.6,23.8,"7","31","88.2","14.4",34.8,6.8
"Walker, Christian","572233","2024","33","479","552","120","68","26","0","26","133","55",24.1,10,".251",".468",".335","0.803",".249",".465",".343",".354",".341",".216",75,52.8,15.8,12.2,26.1,20.2,"7.5","32","91.2","16.6",35,13.3
"Soler, Jorge","624585","2024","32","493","574","119","63","34","1","21","141","68",24.6,11.8,".241",".442",".338","0.780",".247",".454",".340",".349",".345",".207",75.4,57,15.8,11.5,29.8,21.7,"7.9","12","90.5","17.9",33.4,12.6
"Lowe, Nathaniel","663993","2024","28","486","565","129","96","16","1","16","125","71",22.1,12.6,".265",".401",".361","0.762",".254",".386",".337",".329",".354",".132",73.3,29.3,15.2,12.4,28.3,23,"7.3","23","88.9","7.7",32.6,5.8
"France, Ty","664034","2024","29","479","535","112","75","24","0","13","114","38",21.3,7.1,".234",".365",".305","0.670",".229",".394",".296",".305",".302",".166",71,14.3,12.1,9.3,31.2,24.1,"7.6","17","88.7","12.9",30.5,7.3
"Turner, Justin","457759","2024","39","460","539","119","84","24","0","11","95","59",17.6,10.9,".259",".383",".354","0.737",".254",".389",".327",".330",".353",".135",65.1,0.8,5,4.3,32.5,27.9,"6.3","16","87.1","17.8",40.1,4.6
"Rooker Jr., Brent","667670","2024","29","546","614","160","93","26","2","39","177","59",28.8,9.6,".293",".562",".365","0.927",".269",".570",".392",".383",".344",".301",73.7,37.2,18,12.5,32.5,22.4,"7.1","29","91.9","18.9",38.3,16.6
"Raleigh, Cal","663728","2024","27","546","628","120","70","16","0","34","176","70",28,11.1,".220",".436",".312","0.748",".235",".486",".323",".347",".327",".251",74.5,45.1,15.9,11.3,28.5,20.2,"7.8","15","91","21.2",35.6,15.4
"Young, Jacob","696285","2024","24","468","521","120","92","24","1","3","102","30",19.6,5.8,".256",".331",".316","0.647",".260",".326",".290",".290",".320",".066",68.2,1.4,8.9,7.4,35.7,29.4,"6.9","20","85.8","4",28.1,1.6
"Langford, Wyatt","694671","2024","22","499","557","126","81","25","4","16","115","51",20.6,9.2,".253",".415",".325","0.740",".260",".434",".321",".333",".333",".174",74.5,48.2,18.4,14.2,31.7,24.4,"7","8","89.6","16.6",31.3,9.3
"Judge, Aaron","592450","2024","32","559","704","180","85","36","1","58","171","133",24.3,18.9,".322",".701",".458","1.159",".315",".742",".476",".484",".453",".427",77.2,75.1,25.4,17.9,33.5,23.6,"8.2","16","96.2","19",40.8,26.9
"Swanson, Dansby","621020","2024","30","534","593","129","84","27","2","16","144","54",24.3,9.1,".242",".390",".312","0.702",".248",".425",".307",".324",".319",".177",71.7,12.8,15.4,11.3,33.4,24.4,"7.4","22","89.4","10.4",32.6,9.2
"Rafaela, Ceddanne","678882","2024","23","544","571","134","91","23","5","15","151","15",26.4,2.6,".246",".390",".274","0.664",".235",".380",".286",".278",".264",".145",70.1,6.8,11.5,7.9,30.5,20.9,"7.5","24","86.6","14.9",34.9,7.5
"Frelick, Sal","686217","2024","24","475","524","123","95","22","4","2","78","39",14.9,7.4,".259",".335",".320","0.655",".248",".306",".292",".277",".310",".059",66.3,2.6,6,5.3,36.1,31.7,"6.9","10","83.4","9.7",30,0.8
"Doyle, Brenton","686668","2024","26","542","603","141","90","24","4","23","153","46",25.4,7.6,".260",".446",".317","0.763",".259",".448",".328",".333",".320",".189",70.9,8.1,15.3,10.8,34.4,24.3,"7.4","19","89.2","13.2",37.4,10.5
"Hernández, Teoscar","606192","2024","31","589","652","160","93","32","2","33","188","53",28.8,8.1,".272",".501",".339","0.840",".253",".496",".360",".348",".323",".243",73.3,32.1,18.6,12.6,30,20.2,"7.8","29","90.6","10.3",33.8,14.9
"Smith, Josh","669701","2024","26","523","592","135","91","30","1","13","121","46",20.4,7.8,".258",".394",".337","0.731",".243",".356",".323",".304",".325",".113",70.1,6.8,11.8,9.2,35.7,27.8,"6.8","10","87.8","15.4",33.7,3.7
"Neto, Zach","687263","2024","23","542","602","135","77","34","1","23","140","39",23.3,6.5,".249",".443",".318","0.761",".237",".423",".330",".318",".308",".186",71,14.7,13.9,10.4,33.8,25.4,"7.1","37","88.5","12.3",29,8.4
"Marte, Ketel","606466","2024","30","504","583","147","86","23","2","36","106","65",18.2,11.1,".292",".560",".372","0.932",".298",".549",".391",".395",".382",".252",73.7,40.5,20.3,16.2,38.2,30.6,"7.6","6","94","9.4",33.7,12.3
"García, Adolis","666969","2024","31","580","637","130","78","27","0","25","177","45",27.8,7.1,".224",".400",".284","0.684",".229",".422",".296",".308",".291",".193",71.9,23,16.4,11.1,33.4,22.6,"7.9","14","91","15",33.7,12.5
"Chourio, Jackson","694192","2024","20","528","573","145","91","29","4","21","121","39",21.1,6.8,".275",".464",".327","0.791",".278",".438",".339",".330",".330",".160",73.2,34,17.9,13.5,34.5,26,"7.4","22","89.7","7.6",33.2,7.8
"Chisholm Jr., Jazz","665862","2024","26","562","621","144","95","21","4","24","152","53",24.5,8.5,".256",".436",".324","0.760",".242",".423",".327",".318",".313",".180",72,23.6,15.2,10.7,32.4,22.8,"7.5","11","89.7","11.4",29.6,9.7
"Harper, Bryce","547180","2024","31","550","631","157","85","42","0","30","138","76",21.9,12,".285",".525",".373","0.898",".271",".488",".380",".361",".362",".216",74.1,41.5,17.6,13.2,28.1,21.1,"7.3","14","91.1","13.5",36.1,10.6
"García, Luis","671277","2024","24","500","528","141","97","25","1","18","86","27",16.3,5.1,".282",".444",".318","0.762",".280",".460",".328",".333",".317",".180",71.7,22.7,16.1,12.8,35.2,28,"7.3","10","89.1","8.2",32.8,8
"India, Jonathan","663697","2024","27","533","637","132","87","28","2","15","125","80",19.6,12.6,".248",".392",".357","0.749",".269",".418",".333",".354",".378",".150",71.7,22.2,12.4,10.2,30.7,25.3,"7.2","25","87.2","13.5",39.3,7.7
"Gurriel Jr., Lourdes","666971","2024","30","513","553","143","101","22","2","18","101","29",18.3,5.2,".279",".435",".322","0.757",".271",".428",".327",".321",".315",".157",70.6,9.5,13.4,10.9,31.5,25.7,"7.5","12","88.4","15.7",33.8,6.7
"Abrams, CJ","682928","2024","23","541","602","133","78","29","6","20","128","40",21.3,6.6,".246",".433",".314","0.747",".252",".418",".322",".323",".321",".166",72.3,23.9,13.5,10.4,31.9,24.7,"7.5","31","88.2","15.1",33,6.9
"Bell, Josh","605137","2024","31","538","603","134","90","23","2","19","120","51",19.9,8.5,".249",".405",".319","0.724",".243",".409",".317",".315",".315",".166",70.4,15,15.4,11.6,36.1,27.2,"7.9","14","88.9","10.5",31.4,7.6
"Stott, Bryson","681082","2024","26","506","571","124","92","19","2","11","93","53",16.3,9.3,".245",".356",".315","0.671",".258",".370",".296",".309",".329",".112",68.2,1.9,8.8,7.5,34.8,29.7,"7.1","22","87","14",35.3,3.6
"Santana, Carlos","467793","2024","38","521","594","124","75","26","0","23","99","65",16.7,10.9,".238",".420",".328","0.748",".247",".422",".326",".330",".337",".175",71.8,19.4,13.6,10.7,36.1,28.3,"7.6","8","89.2","16.1",30.9,7.3
"Schanuel, Nolan","694384","2024","22","519","607","130","98","19","0","13","103","68",17,11.2,".250",".362",".343","0.705",".260",".364",".315",".322",".353",".104",65.2,2.4,5.6,4.9,36.6,31.8,"6.6","13","86.1","10.3",36.4,3.5
"Goldschmidt, Paul","502671","2024","36","599","654","147","91","33","1","22","173","47",26.5,7.2,".245",".414",".302","0.716",".258",".464",".310",".333",".314",".206",72.5,24.3,18,13.3,33.5,24.8,"7.8","10","91.2","13.1",34.3,10.7
"Arcia, Orlando","606115","2024","29","551","602","120","79","24","0","17","128","41",21.3,6.8,".218",".354",".271","0.625",".208",".331",".273",".263",".265",".123",70.9,13.5,12.3,9.3,34.1,25.8,"7.9","25","88.2","8.6",29.9,5.3
"Olson, Matt","621566","2024","30","600","685","148","81","37","1","29","170","71",24.8,10.4,".247",".457",".333","0.790",".249",".454",".339",".342",".337",".206",73.8,38.5,15.1,11.2,26.5,19.5,"7.3","11","91.5","16.1",35.4,12.4
"Steer, Spencer","668715","2024","26","574","656","129","71","34","4","20","137","72",20.9,11,".225",".402",".319","0.721",".237",".387",".316",".317",".330",".150",71.6,13.6,12.7,10,32.5,25.6,"7.4","21","88","17.4",34.2,6.4
"Adames, Willy","642715","2024","28","610","688","153","88","33","0","32","173","74",25.1,10.8,".251",".462",".331","0.793",".248",".474",".342",".344",".329",".227",73.6,33.5,13.1,9.5,28.7,20.9,"8.1","9","88.6","20.6",38.2,12
"Alonso, Pete","624413","2024","29","608","695","146","81","31","0","34","172","70",24.7,10.1,".240",".459",".329","0.788",".246",".470",".340",".345",".335",".224",75.3,53,18.4,14,29.6,22.5,"7.3","20","89.8","14.4",30.5,13.2
"Paredes, Isaac","670623","2024","25","542","641","129","84","25","1","19","105","76",16.4,11.9,".238",".393",".346","0.739",".224",".348",".327",".308",".336",".124",68.2,4.8,6.5,5.4,29,24.3,"8","13","85","22.4",37,4.5
"Bleday, JJ","668709","2024","26","572","642","139","72","43","4","20","125","67",19.5,10.4,".243",".437",".324","0.761",".244",".404",".330",".319",".325",".160",71.7,16.5,15.5,11.8,35,26.5,"7.3","24","88.5","18.6",37.1,8.3
"Naylor, Josh","647304","2024","27","563","633","137","79","27","0","31","105","58",16.6,9.2,".243",".456",".320","0.776",".257",".448",".332",".334",".333",".190",72.8,32.2,15.3,12.1,33.8,26.8,"7.6","11","89.9","11.1",30.1,8.4
"Cronenworth, Jake","630105","2024","30","577","656","139","90","29","3","17","118","61",18,9.3,".241",".390",".324","0.714",".263",".429",".315",".338",".345",".166",69.4,6.1,11.7,9.7,31.9,26.4,"7.1","11","88.6","13.9",35.4,7.8
"Tovar, Ezequiel","678662","2024","22","655","695","176","101","45","4","26","200","23",28.8,3.3,".269",".469",".295","0.764",".235",".406",".324",".289",".265",".171",71.3,18.9,11.8,8,30.6,20.9,"7.5","17","88.8","18.9",38.5,9
"Reynolds, Bryan","668804","2024","29","622","692","171","115","29","3","24","156","57",22.5,8.2,".275",".447",".344","0.791",".272",".472",".343",".352",".344",".200",71.5,17.1,17.4,12.7,36.6,26.7,"6.8","31","89.9","9.4",37.5,9.6
"Castellanos, Nick","592206","2024","32","606","659","154","97","30","4","23","139","41",21.1,6.2,".254",".431",".311","0.742",".273",".450",".321",".335",".328",".178",71.9,22.6,12.7,9,33.7,23.8,"7.6","12","88.4","15.2",39,8.1
"Carroll, Corbin","682998","2024","23","589","684","136","78","22","14","22","130","73",19,10.7,".231",".428",".322","0.750",".247",".403",".325",".329",".339",".156",73.7,36.9,18.4,14.6,34.9,27.7,"7","5","89.3","12",27.8,7.2
"Machado, Manny","592518","2024","31","593","643","163","104","30","0","29","124","45",19.3,7,".275",".472",".325","0.797",".274",".466",".340",".338",".327",".193",75.3,53.6,20.7,16.3,31.6,24.8,"7.8","25","92.5","12.7",33.8,11
"Profar, Jurickson","595777","2024","31","564","668","158","105","29","0","24","101","76",15.1,11.4,".280",".459",".380","0.839",".283",".448",".365",".364",".384",".165",71.7,22.8,12.4,10.4,32.2,27,"7.3","13","91.1","13.4",31.3,7.2
"Bohm, Alec","664761","2024","27","554","606","155","94","44","2","15","86","40",14.2,6.6,".280",".448",".332","0.780",".291",".453",".335",".345",".345",".162",72.2,21.3,18.7,15.6,39.3,32.8,"7.4","9","90.4","10.1",35.2,6.8
"Henderson, Gunnar","683002","2024","23","630","719","177","102","31","7","37","159","78",22.1,10.8,".281",".529",".364","0.893",".289",".505",".381",".379",".373",".217",76.3,64,22.6,17.6,32.1,25.1,"7.2","20","92.8","9.2",34.5,11.2
"Garcia, Maikel","672580","2024","24","575","626","133","94","27","5","7","103","42",16.5,6.7,".231",".332",".281","0.613",".264",".376",".270",".303",".314",".111",70.8,10.8,16.1,14,41,35.6,"7.2","12","90.4","6.4",34.1,3.7
"Diaz, Yainer","673237","2024","25","585","619","175","127","29","3","16","107","24",17.3,3.9,".299",".441",".325","0.766",".300",".465",".329",".340",".327",".165",72.6,23.7,17.1,13.2,34.4,26.5,"7.4","17","90.2","8.9",35,7.6
"Volpe, Anthony","683011","2024","23","637","689","155","109","27","7","12","156","42",22.6,6.1,".243",".364",".293","0.657",".240",".340",".287",".280",".293",".100",69.4,4.6,10.8,8.5,32.9,26,"7.1","29","87.7","8.4",33.3,3.9
"Arenado, Nolan","571448","2024","33","578","635","157","118","23","0","16","92","44",14.5,6.9,".272",".394",".325","0.719",".256",".361",".314",".297",".313",".105",70.7,12.8,9.2,7.8,32.3,27.6,"8.2","29","86.3","16.9",35.9,3.2
"Giménez, Andrés","665926","2024","25","583","633","147","115","22","1","9","97","26",15.3,4.1,".252",".340",".298","0.638",".265",".362",".281",".299",".313",".097",68.2,6.8,7.6,5.7,31.4,23.7,"7","17","86.3","8.7",32.7,2.8
"Bregman, Alex","608324","2024","30","581","634","151","93","30","2","26","86","44",13.6,6.9,".260",".453",".315","0.768",".262",".428",".331",".323",".318",".167",71.4,11.8,13.3,11.9,37.9,33.8,"7","7","89.1","18.2",34.9,6.4